{
    "$class": "iehr.AddMSH",
    "Hl7MshFormat": {
      "$class": "iehr.HL7251_MSH",       ///it is compulsory field
      "MSHKEY": "4747",                 ///it is compulsory field
      "CreatedDate": "2018-07-19T12:47:37.030Z",
      "LastUpdateDate": "2018-07-19T12:47:37.030Z",
      "UpdatedByUsername": "",
      "SendingApplicationNamespaceID": "",
      "SendingApplicationUniversalID": "",
      "SendingApplicationUniversalIDType": "",
      "SendingFacilityNamespaceID": "",
      "SendingFacilityUniversalID": "",
      "SendingFacilityUniversalIDType": "",
      "ReceivingApplicationNamespaceID": "",
      "ReceivingApplicationUniversalID": "",
      "ReceivingApplicationUniversalIDType": "",
      "ReceivingFacilityNamespaceID": "",
      "ReceivingFacilityUniversalID": "",
      "ReceivingFacilityUniversalIDType": "",
      "MessageTime": "",
      "MessageYear": "",
      "MessageMonth": "",
      "MessageDay": "",
      "MessageHours": "",
      "MessageMinutes": "",
      "MessageSeconds": "",
      "MessageMills": "",
      "MessageGmtOffset": "",
      "Precision": "",
      "Security": "",
      "MessageType": "",
      "TriggerEvent": "",
      "MessageStructure": "",
      "MessageControlID": "",
      "ProcessingID": "",
      "ProcessingMode": "",
      "VersionID": "",
      "VersionIdentifier": "",
      "VersionText": "",
      "VersionNameOfCodingSystem": "",
      "VersionAlternateIdentifier": "",
      "VersionAlternateText": "",
      "VersionNameOfAlternateCodingSystem": "",
      "InternationalVersionIIdentifier": "",
      "InternationalVersionIText": "",
      "InternationalVersionINameOfCodingSystem": "",
      "InternationalVersionIAlternateIdentifier": "",
      "InternationalVersionIAlternateText": "",
      "InternationalVersionINameOfAlternateCodingSystem": "",
      "SequenceNumber": "",
      "ContinuationPointer": "",
      "AcceptAcknowledgementType": "",
      "ApplicationAcknowledgementType": "",
      "CountryCode": "",
      "PrincipalLanguageOfMessageIdentifier": "",
      "PrincipalLanguageOfMessageText": "",
      "PrincipalLanguageOfMessageNameOfCodingSystem": "",
      "PrincipalLanguageOfMessageAlternateIdentifier": "",
      "PrincipalLanguageOfMessageAlternateText": "",
      "PrincipalLanguageOfMessageNameOfAlternateCodingSystem": "",
      "AlternateCharacterSetHandlingScheme": ""
    }
  }