{
    "$class": "iehr.AddMSH",
    "Hl7MshFormat": {
        "$class": "iehr.HL7251_MSH",
        "MSHKEY": "20180726114130-SYNGO-LEX-2987236645r642541283",
        "SendingApplicationNamespaceID": "SYNGO",
        "SendingFacilityNamespaceID": "LEX",
        "ReceivingApplicationNamespaceID": "PROFEE_BILLING",
        "ReceivingFacilityNamespaceID": "PRD",
        "MessageTime": "201808291152",
        "MessageType": "ORU",
        "TriggerEvent": "R01",
        "MessageControlID": "2016033123562900165425",
        "ProcessingID": "P",
        "VersionID": "2.4"
    }
}
